case_id,question,student_said,correct_answer,label,reply,no_reveal,correct,helpful,length_tone,notes
E01,"Write the Python code to print the message: Hello, World!","print(Hello, World!)","print(""Hello, World!"")",A,"It looks like you're almost there! Remember, in Python, strings need to be enclosed in quotes to be recognized as text. Try using single or double quotes around your message. What did you use for the quotes?",,,,,
E01,"Write the Python code to print the message: Hello, World!","print(Hello, World!)","print(""Hello, World!"")",B,Try removing the space between `print` and the quotation marks. What do you think might be the issue?,,,,,
E01,"Write the Python code to print the message: Hello, World!","print(Hello, World!)","print(""Hello, World!"")",C,"In Python, ""Hello, World!"" is a string, and strings are enclosed in quotes. Think about how you would write a string in Python.",,,,,
E01,"Write the Python code to print the message: Hello, World!","print(Hello, World!)","print(""Hello, World!"")",D,"You're very close!  Remember, the `print()` function in Python needs to be called with the message you want to display inside the parentheses.",,,,,
E02,"Which of the following is a valid Python variable name? Options: student_name, 2name, student-name, student name",student-name,student_name,A,Think about the rules for variable names in Python.  What is the best way to make a name that is descriptive and easy to understand?,,,,,
E02,"Which of the following is a valid Python variable name? Options: student_name, 2name, student-name, student name",student-name,student_name,B,"Remember, variable names should use lowercase letters with underscores. What do you think might be the issue with ""student-name""?",,,,,
E02,"Which of the following is a valid Python variable name? Options: student_name, 2name, student-name, student name",student-name,student_name,C,"Remember that variable names in Python should not contain any special characters like a hyphen (-). They should be written using lowercase letters and underscores. So, the correct format would be similar to ""student_name"". The hyphen in your answer makes it look like a string, not a variable name. Try adjusting it without the hyphen.",,,,,
E02,"Which of the following is a valid Python variable name? Options: student_name, 2name, student-name, student name",student-name,student_name,D,"In Python, variable names should be in lowercase with underscores, not hyphens. Think about how you would write a name in English, and how that would translate to a variable name.",,,,,
E03,"What data type would Python assign to the value 3.14? Options: float, int, str, bool",int,float,A,Think about what a float represents.  What kind of numbers are floats typically used for?,,,,,
E03,"What data type would Python assign to the value 3.14? Options: float, int, str, bool",int,float,B,"Think about what a decimal number is. Does 3.14 have a point? If so, what type of number usually has a point?",,,,,
E03,"What data type would Python assign to the value 3.14? Options: float, int, str, bool",int,float,C,"Remember that integers are whole numbers without decimals. Since 3.14 has a decimal point, it's not a whole number. Which data type includes decimal points?",,,,,
E03,"What data type would Python assign to the value 3.14? Options: float, int, str, bool",int,float,D,"3.14 is a decimal number, not a whole number. What data type is typically used for decimal numbers in Python?",,,,,
E04,"What does range(5) produce in Python? Options: Numbers 0 to 4, Numbers 1 to 5, Numbers 0 to 5, Numbers 1 to 4",Numbers 1 to 5,Numbers 0 to 4,A,"Try thinking about what the range function generates. It starts from 0 by default and goes up to, but does not include, the number you specify. So, range(5) would start from 0 and go up to 4. What do you think?",,,,,
E04,"What does range(5) produce in Python? Options: Numbers 0 to 4, Numbers 1 to 5, Numbers 0 to 5, Numbers 1 to 4",Numbers 1 to 5,Numbers 0 to 4,B,Here's a hint: Remember that Python'thy `range()` function starts at 0 by default. Think about how many times the loop will run and what each iteration's index will be. This should help you reconsider the range of numbers generated.,,,,,
E04,"What does range(5) produce in Python? Options: Numbers 0 to 4, Numbers 1 to 5, Numbers 0 to 5, Numbers 1 to 4",Numbers 1 to 5,Numbers 0 to 4,C,Think about what `range(5)` does.  What kind of sequence does it create?,,,,,
E04,"What does range(5) produce in Python? Options: Numbers 0 to 4, Numbers 1 to 5, Numbers 0 to 5, Numbers 1 to 4",Numbers 1 to 5,Numbers 0 to 4,D,"Don't worry, it's okay! Let's take a closer look. Think about what the range() function does. It creates a sequence of numbers, but it doesn't include the end value. For example, if you use range(5), what numbers would it actually produce?",,,,,
E05,Write a Python for loop that prints each number from 0 to 2.,for i in range(2): print(i),for i in range(3): print(i),A,"Your approach is close! Remember that the range function in Python starts at 0 by default. If you want to include the number 2 in your loop, you should specify the end limit as 3. So, your loop should start counting from 0 and go up to, but not including, 3. Can you adjust your range accordingly?",,,,,
E05,Write a Python for loop that prints each number from 0 to 2.,for i in range(2): print(i),for i in range(3): print(i),B,"Try adjusting the range value. You want to print numbers from 0 to 2, so think about what the end value should be for the range function.",,,,,
E05,Write a Python for loop that prints each number from 0 to 2.,for i in range(2): print(i),for i in range(3): print(i),C,"Your answer is close, but the range() function in Python can take a step value. This means you can start from a number and print every nth number. Think about why you might want to start from 0 and print every number up to 2.",,,,,
E05,Write a Python for loop that prints each number from 0 to 2.,for i in range(2): print(i),for i in range(3): print(i),D,"You're very close!  Think about what the range function does, and how you can use it to print numbers.",,,,,
E06,"In the CSS box model, which layer sits directly outside the content? Options: Padding, Margin, Border, Outline",Margin,Padding,A,"Think about the order of the layers from the inside of an element. The content is at the center. Next comes the space that keeps the content separate from the edges, which is not the margin. What comes after that, which also surrounds the padding?",,,,,
E06,"In the CSS box model, which layer sits directly outside the content? Options: Padding, Margin, Border, Outline",Margin,Padding,B,"Don't worry, it's okay! Let's take a closer look.

In the box model, the content is the innermost part. The layer that sits directly outside the content is actually the one that adds space between the content and the border. Can you think of which layer that might be?",,,,,
E06,"In the CSS box model, which layer sits directly outside the content? Options: Padding, Margin, Border, Outline",Margin,Padding,C,Think about what the box model is trying to do.  What is the purpose of the border and padding?  What is the space between the border and the content?,,,,,
E06,"In the CSS box model, which layer sits directly outside the content? Options: Padding, Margin, Border, Outline",Margin,Padding,D,Think about what comes after the content inside the box. What separates the content from the border?,,,,,
E07,"Write JavaScript code to select an element with the id ""title"".","document.querySelector(""title"")","document.getElementById(""title"")",A,"Try using `document.getElementById(""title"")` instead. Does this sound familiar or do you remember why you might have chosen `querySelector`?",,,,,
E07,"Write JavaScript code to select an element with the id ""title"".","document.querySelector(""title"")","document.getElementById(""title"")",B,"When using `document.querySelector`, it looks for an element that matches the exact value of the string. In your case, it's looking for an element with the text content ""title"", not an element with the id ""title"".

Think about how the id of an element is different from its text content. What's the difference between these two?",,,,,
E07,"Write JavaScript code to select an element with the id ""title"".","document.querySelector(""title"")","document.getElementById(""title"")",C,"You're very close!  Remember, the `querySelector` method searches for the first element that matches the selector. What's the selector you'd use to find the element with the id ""title""?",,,,,
E07,"Write JavaScript code to select an element with the id ""title"".","document.querySelector(""title"")","document.getElementById(""title"")",D,"It's great that you're trying to select an element! Remember, when selecting elements by ID, you should use `document.getElementById()` with the exact ID attribute value. The ID should be enclosed in quotes and prefixed with a hash (#). So instead of ""title"", you should use the actual ID of the element, which is ""title"". Try adjusting your selector accordingly.",,,,,
E08,"What is the result of: TRUE AND FALSE? Options: FALSE, TRUE, NULL, ERROR",TRUE,FALSE,A,"Think about the meaning of ""AND"".  What does it require for a statement to be true?",,,,,
E08,"What is the result of: TRUE AND FALSE? Options: FALSE, TRUE, NULL, ERROR",TRUE,FALSE,B,"Remember, for TRUE AND FALSE, only when both are TRUE does the result become TRUE. What happens when one of them is FALSE?",,,,,
E08,"What is the result of: TRUE AND FALSE? Options: FALSE, TRUE, NULL, ERROR",TRUE,FALSE,C,"In Boolean logic, when you combine two conditions with ""AND"", both conditions must be true for the result to be true. Think about what happens when one of the conditions is false. Does that change the outcome?",,,,,
E08,"What is the result of: TRUE AND FALSE? Options: FALSE, TRUE, NULL, ERROR",TRUE,FALSE,D,"Remember the rule for the AND operation: both conditions must be true. Since one of your conditions is FALSE, what do you think the result would be based on this rule?",,,,,
E09,"What is the Big O time complexity of a binary search on a sorted list? Options: O(log n), O(n), O(n²), O(1)",O(n),O(log n),A,"Don't worry, it's okay! Let's think about this together.

A binary search is a very efficient way to find something in a sorted list. Think about what makes a search efficient: looking at only half the list at a time, right?

Does that help?",,,,,
E09,"What is the Big O time complexity of a binary search on a sorted list? Options: O(log n), O(n), O(n²), O(1)",O(n),O(log n),B,Think about how many comparisons are needed in a binary search. How does that change as the list gets bigger?,,,,,
E09,"What is the Big O time complexity of a binary search on a sorted list? Options: O(log n), O(n), O(n²), O(1)",O(n),O(log n),C,"Certainly! Think about how many steps it takes to find an item in a sorted list using binary search. Each step halves the remaining portion of the list, which is a key characteristic of logarithmic time complexity. So, the correct time complexity is related to this halving process. What does this tell you about the relationship between the number of steps and the size of the list?",,,,,
E09,"What is the Big O time complexity of a binary search on a sorted list? Options: O(log n), O(n), O(n²), O(1)",O(n),O(log n),D,Think about how binary search works. It repeatedly divides the search interval in half. How does the size of the interval change with each step?,,,,,
E10,What is the key difference between a tree and a graph?,A graph has more nodes than a tree,A graph can have cycles; a tree cannot,A,"Think about what makes a tree a tree, and consider what a graph can have that a tree cannot.",,,,,
E10,What is the key difference between a tree and a graph?,A graph has more nodes than a tree,A graph can have cycles; a tree cannot,B,"That's a good guess, but it's not the key difference. Think about what makes a tree special. Can you think of a characteristic that's unique to trees, but not to graphs?",,,,,
E10,What is the key difference between a tree and a graph?,A graph has more nodes than a tree,A graph can have cycles; a tree cannot,C,Think about the structure of each.  What is the key difference in the way they connect?,,,,,
E10,What is the key difference between a tree and a graph?,A graph has more nodes than a tree,A graph can have cycles; a tree cannot,D,"A good hint would be: Consider the structure of both a tree and a graph. In a tree, there is a specific starting point (root), and each connection (edge) leads to exactly one other node, preventing loops. In contrast, a graph doesn'thy have this restriction, allowing for multiple connections to a single node and the possibility of forming loops. Reflect on how this structural difference impacts the presence of cycles.",,,,,
C01,Chat (lesson: For Loops),can you explain loops again but simpler? i didnt really get it,,A,"Sure! Think of a loop like a set of instructions that you repeat over and over. Imagine you have a list of fruits, and you want to say ""hello"" to each one. You could write the same ""hello"" message for each fruit, but that would be very long and boring. Instead, you can use a loop to say ""hello"" to each fruit one by one. It's like having a friend who says ""hello"" to each fruit as you list them. How does that help you understand?",N/A,,,,
C01,Chat (lesson: For Loops),can you explain loops again but simpler? i didnt really get it,,B,"Imagine you have a list of fruits, like ""apple"", ""banana"", ""cherry"". A loop lets you go through each fruit one by one, and do something with it.  What would you like to do with each fruit?",N/A,,,,
C01,Chat (lesson: For Loops),can you explain loops again but simpler? i didnt really get it,,C,"Think of a loop like a merry-go-round. You get on the merry-go-round and it keeps going around, right? Each time it goes around, you do something. With a loop, you tell the computer to do something over and over, like printing numbers from 0 to 4. The computer keeps going around the loop, doing the same thing each time, until it's told to stop.",N/A,,,,
C01,Chat (lesson: For Loops),can you explain loops again but simpler? i didnt really get it,,D,"Of course! Think of a loop like a conveyor belt at a factory. Each item on the belt represents a step in the loop. In programming, a loop keeps moving items (or steps) along until there are no more items left. For example, if you have a list of fruit like [""apple"", ""banana"", ""cherry""], a loop would go through each fruit one bydictating each fruit in the list, doing something with it.

Now, imagine if you wanted to count from 0 to 4. You could use a loop with `range(5)`. It's like counting on your fingers, but instead of stopping at 5, the loop stops at 4.

Loops help us avoid writing the same code over and over. Instead, we tell the computer to keep doing something until it's done with all items in a list or all numbers in a range. It's like having a robot do repetitive tasks for you!

Remember, the loop variable is like a counter that changes with each step. It starts at the beginning of your list or range and moves forward, picking up a new value each time it goes around the loop.

Does this help make loops a bit clearer? What part would you like to dive into more?",N/A,,,,
C02,Chat (lesson: none),what's the difference between RAM and storage?,,A,"RAM (Random Access Memory) is like a temporary storage for your computer, used for running programs and applications. It gets filled up when you use lots of programs, and when you close them, it's cleared. Storage, on the other hand, is like a long-term home for your files and programs, and it doesn't get cleared when you stop using them.",N/A,,,,
C02,Chat (lesson: none),what's the difference between RAM and storage?,,B,"RAM (Random Access Memory) and storage are two different types of computer memory. RAM is like a workspace where your computer can quickly access and use information. It's temporary storage that helps your computer run programs and applications. Storage, on the other hand, is like a filing cabinet where your computer stores data long-term. Think of RAM as a desk where you can work on a project, and storage as a library where you keep all your files.",N/A,,,,
C02,Chat (lesson: none),what's the difference between RAM and storage?,,C,"Imagine your computer is like a house. RAM is like the kitchen counter - it's where you keep the things you're currently working on, like recipes or ingredients. Storage is like the pantry - it holds all the things you need for the long term, like your cookbook and flour.",N/A,,,,
C02,Chat (lesson: none),what's the difference between RAM and storage?,,D,"RAM (Random Access Memory) and storage are both crucial for a computer, but they serve different purposes. RAM is a type of volatile memory, which means it loses its data when the computer is turned off. It's used by the computer to store data that is actively being used or processed, allowing for quick access by the CPU. On the other hand, storage, like a hard drive or SSD, is non-volatile, meaning it retains data even when the computer is powered down. Storage devices are used for long-term data retention, such as saving files, documents, and the operating system itself. Can you think of examples where you use RAM and where you use storage?


-----",N/A,,,,
C03,Chat (lesson: The Box Model),i keep mixing up padding and margin. whats the difference,,A,"Good question!  Padding is the space *inside* the box, between the content and the border.  Margin is the space *around* the box, outside the border.  Think of it this way: padding is the cushion inside, and margin is the space outside.",N/A,,,,
C03,Chat (lesson: The Box Model),i keep mixing up padding and margin. whats the difference,,B,"Padding is the space between the content inside an element and its border. Margin is the space outside an element, between the element and other elements. Try to visualize an element with padding and margin separately to see the difference.",N/A,,,,
C03,Chat (lesson: The Box Model),i keep mixing up padding and margin. whats the difference,,C,"That's a common mistake! Padding and margin are both used to add space around an element, but they serve different purposes.

Think of padding like a layer of frosting around a cake. It's the space between the content (the cake) and the border (the edge of the plate). You can see the frosting, but it's not visible from the outside.

Margin, on the other hand, is like the space between the plate and the tablecloth. It's the space outside the border, and it's visible from the outside.

Does that help you understand the difference?",N/A,,,,
C03,Chat (lesson: The Box Model),i keep mixing up padding and margin. whats the difference,,D,"Padding and margin are both important parts of the box model, but they serve different purposes. Padding is the space inside the border, between the content and the border itself. Margin, on thethy, is the space outside the border, separating the element from other elements on the page. Think of padding as the cushion inside the box, and margin as the space outside the box. Does that help clarify the difference?",N/A,,,,
C04,Chat (lesson: For Loops),im tired of guessing. just tell me the answer to the range(5) question,Numbers 0 to 4,A,range(5) produces Numbers 0 to 4.,,,,,
C04,Chat (lesson: For Loops),im tired of guessing. just tell me the answer to the range(5) question,Numbers 0 to 4,B,"I understand you're eager for the answer, but my role is to guide you to find it yourself. When you use `range(5)` in Python, it generates a sequence of numbers from 0 up to, but not including, 5. So, the correct sequence would be 0, 1, 2, 3, and 4. Try to think about it in terms of counting on your fingers starting from 0. How does that sequence sound to you?",,,,,
C04,Chat (lesson: For Loops),im tired of guessing. just tell me the answer to the range(5) question,Numbers 0 to 4,C,"I can't give you the answer directly. Let me help you think about it. What do you think range(5) would produce in Python? Would it be a sequence of numbers that starts from 0 and goes up to 5, or something else?",,,,,
C04,Chat (lesson: For Loops),im tired of guessing. just tell me the answer to the range(5) question,Numbers 0 to 4,D,The `range(5)` function in Python will produce a sequence of numbers from 0 to 4.,,,,,
C05,Chat (lesson: none),who do you think will win the premier league this year?,,A,That's an interesting question! It's hard to predict without more recent data. Who do you think will win the Premier League this year? Let's discuss that based on current teams and players.,N/A,,,,
C05,Chat (lesson: none),who do you think will win the premier league this year?,,B,"As an AI, I don't predict outcomes. However, I can encourage you to look at current team standings, player performances, and expert analysis to make an informed guess. What do you think based on these factors?",N/A,,,,
C05,Chat (lesson: none),who do you think will win the premier league this year?,,C,"I'm not sure I can help with that question. I'm a tutoring platform for computer programming and learning, but I don't have any information about the Premier League. My focus is on helping you with coding and computer-related topics. Would you like to talk about something related to programming instead?",N/A,,,,
C05,Chat (lesson: none),who do you think will win the premier league this year?,,D,It's tough to say for sure!  Lots of teams are strong this year.  Do you have a favorite?  Maybe we can talk about why you think they might win! ⚽,N/A,,,,
