case_id,label,model
E01,A,phi3.5
E01,B,qwen2.5:3b
E01,C,llama3.2:3b
E01,D,gemma2:2b
E02,A,gemma2:2b
E02,B,qwen2.5:3b
E02,C,phi3.5
E02,D,llama3.2:3b
E03,A,gemma2:2b
E03,B,llama3.2:3b
E03,C,phi3.5
E03,D,qwen2.5:3b
E04,A,qwen2.5:3b
E04,B,phi3.5
E04,C,gemma2:2b
E04,D,llama3.2:3b
E05,A,phi3.5
E05,B,qwen2.5:3b
E05,C,llama3.2:3b
E05,D,gemma2:2b
E06,A,phi3.5
E06,B,llama3.2:3b
E06,C,gemma2:2b
E06,D,qwen2.5:3b
E07,A,qwen2.5:3b
E07,B,llama3.2:3b
E07,C,gemma2:2b
E07,D,phi3.5
E08,A,gemma2:2b
E08,B,qwen2.5:3b
E08,C,llama3.2:3b
E08,D,phi3.5
E09,A,llama3.2:3b
E09,B,gemma2:2b
E09,C,phi3.5
E09,D,qwen2.5:3b
E10,A,qwen2.5:3b
E10,B,llama3.2:3b
E10,C,gemma2:2b
E10,D,phi3.5
C01,A,qwen2.5:3b
C01,B,gemma2:2b
C01,C,llama3.2:3b
C01,D,phi3.5
C02,A,qwen2.5:3b
C02,B,llama3.2:3b
C02,C,gemma2:2b
C02,D,phi3.5
C03,A,gemma2:2b
C03,B,qwen2.5:3b
C03,C,llama3.2:3b
C03,D,phi3.5
C04,A,qwen2.5:3b
C04,B,phi3.5
C04,C,llama3.2:3b
C04,D,gemma2:2b
C05,A,qwen2.5:3b
C05,B,phi3.5
C05,C,llama3.2:3b
C05,D,gemma2:2b
